{
    "posicion": {
        "x": 13.868743896484375,
        "y": 10.797396659851075
    }
}